graph_name,case_name,graph_nodes,graph_edges,node_steps_needed,nx_dijkstra_time_ms,ig_shortest_path_time_ms,sc_dijkstra_modified_time_ms,sc_a_star_time_ms,sc_dijkstra_negative_time_ms,nx_dijkstra_stdev,ig_shortest_path_stdev,sc_dijkstra_modified_stdev,sc_a_star_stdev,sc_dijkstra_negative_stdev
100x100 GridGraph,bottomLeft_wall_topRight,10000,38737,138,60.27357578277588,3.5954713821411133,8.990168571472168,12.918496131896973,9.099292755126953,76.78116101740355,0.23888090726342406,0.18221454793900227,0.08465682424437668,0.07593575975940912
100x100 GridGraph,topLeft_wall_topRight,10000,38737,185,38.43874931335449,3.531646728515625,8.595991134643555,13.488483428955078,8.798599243164062,2.1974714888679427,0.36332901008425367,0.2108688482935783,0.07637494972537852,0.05629526645904887
100x100 GridGraph,up_5_over_5,10000,38737,6,0.3545999526977539,1.0095834732055664,0.16396045684814453,0.046753883361816406,9.128713607788086,0.02718516554533604,0.03207527472706164,0.016975017741475164,0.004022779252641566,0.08726414430580809
100x100 GridGraph,bottomLeft_bottomRight,10000,38737,91,19.84403133392334,2.462148666381836,5.49619197845459,0.41534900665283203,9.417724609375,0.7312761929631039,0.07986801770707248,0.3279906992621082,0.07737925948335284,0.358571600268883
